model	epitope	n	auc
part_5_20210209-191526	LLWNGPMAV	89	0.62
part_5_20210209-191526	GILGFVFTL	543	0.63
part_5_20210209-191526	NLVPMVATV	70	0.65
part_5_20210209-191526	ELAGIGILTV	120	0.62
part_5_20210209-191526	SLFNTVATLY	12	0.5
part_5_20210209-191526	LLFGYPVYV	18	0.62
part_5_20210209-191526	CINGVCWTV	31	0.64
part_5_20210209-191526	GLCTLVAML	108	0.64
part_5_20210209-191526	FLYALALLL	20	0.62
part_5_20210209-191526	RTLNAWVKV	15	0.57
part_5_20210209-191526	KLSALGINAV	10	0.5
part_7_20210209-192102	LLWNGPMAV	89	0.62
part_7_20210209-192102	GILGFVFTL	543	0.66
part_7_20210209-192102	NLVPMVATV	70	0.57
part_7_20210209-192102	ELAGIGILTV	120	0.61
part_7_20210209-192102	SLFNTVATLY	12	0.5
part_7_20210209-192102	LLFGYPVYV	18	0.65
part_7_20210209-192102	CINGVCWTV	31	0.58
part_7_20210209-192102	GLCTLVAML	108	0.63
part_7_20210209-192102	FLYALALLL	20	0.61
part_7_20210209-192102	RTLNAWVKV	15	0.61
part_7_20210209-192102	KLSALGINAV	10	0.62
part_9_20210209-192719	LLWNGPMAV	89	0.58
part_9_20210209-192719	GILGFVFTL	543	0.64
part_9_20210209-192719	NLVPMVATV	70	0.56
part_9_20210209-192719	ELAGIGILTV	120	0.6
part_9_20210209-192719	SLFNTVATLY	12	0.67
part_9_20210209-192719	LLFGYPVYV	18	0.52
part_9_20210209-192719	CINGVCWTV	31	0.61
part_9_20210209-192719	GLCTLVAML	108	0.7
part_9_20210209-192719	FLYALALLL	20	0.56
part_9_20210209-192719	RTLNAWVKV	15	0.61
part_9_20210209-192719	KLSALGINAV	10	0.54
part_11_20210209-193410	LLWNGPMAV	89	0.61
part_11_20210209-193410	GILGFVFTL	543	0.63
part_11_20210209-193410	NLVPMVATV	70	0.5
part_11_20210209-193410	ELAGIGILTV	120	0.63
part_11_20210209-193410	SLFNTVATLY	12	0.5
part_11_20210209-193410	LLFGYPVYV	18	0.58
part_11_20210209-193410	CINGVCWTV	31	0.61
part_11_20210209-193410	GLCTLVAML	108	0.69
part_11_20210209-193410	FLYALALLL	20	0.67
part_11_20210209-193410	RTLNAWVKV	15	0.66
part_11_20210209-193410	KLSALGINAV	10	0.62
