model	epitope	tcrpair auc	nettcr auc	tcrpair precision	nettcr precision	tcrpair recall	nettcr recall	all pos tcrs	nettcr train pos tcrs
part_5_20210209-191526	GILGFVFTL	0.63	0.59	0.77	0.74	0.81	0.93	376	341
part_5_20210209-191526	NLVPMVATV	0.65	0.59	0.56	0.56	0.97	0.58	33	29
part_5_20210209-191526	GLCTLVAML	0.64	0.71	0.6	0.67	0.91	0.85	55	49
part_7_20210209-192102	GILGFVFTL	0.66	0.59	0.79	0.74	0.77	0.93	376	341
part_7_20210209-192102	NLVPMVATV	0.57	0.59	0.52	0.56	0.85	0.58	33	29
part_7_20210209-192102	GLCTLVAML	0.63	0.71	0.6	0.67	0.87	0.85	55	49
part_9_20210209-192719	GILGFVFTL	0.64	0.59	0.78	0.74	0.81	0.93	376	341
part_9_20210209-192719	NLVPMVATV	0.56	0.59	0.51	0.56	0.82	0.58	33	29
part_9_20210209-192719	GLCTLVAML	0.7	0.71	0.64	0.67	0.96	0.85	55	49
part_11_20210209-193410	GILGFVFTL	0.63	0.59	0.77	0.74	0.8	0.93	376	341
part_11_20210209-193410	NLVPMVATV	0.5	0.59	0.47	0.56	0.82	0.58	33	29
part_11_20210209-193410	GLCTLVAML	0.69	0.71	0.63	0.67	0.96	0.85	55	49
